time,height
-0.001712,1.02
0.039335,1.01
0.080383,0.98
0.121430,0.94
0.162478,0.89
0.203526,0.81
0.244573,0.72
0.285621,0.61
0.326668,0.49
0.367716,0.35
0.408764,0.19
0.449811,0.02
